November 24, 2017
2017-11-24 23:25:49,198.08,26.58,25.416
2017-11-24 23:55:47,294.05,23.36,20.413

November 25, 2017
2017-11-25 00:25:47,164.67,27.57,25.019
2017-11-25 00:55:44,376.94,40.2,22.664
2017-11-25 01:25:56,267.46,38.8,24.109
2017-11-25 01:55:51,200.28,36.54,22.773
2017-11-25 02:25:51,191.63,34.33,22.39
2017-11-25 02:55:48,140.01,34.36,23.61
2017-11-25 03:25:49,273.81,40.62,23.297
2017-11-25 03:55:53,53.58,23.78,22.041
2017-11-25 04:25:52,271.09,39.09,24.981
2017-11-25 04:55:57,164.74,38.2,22.414
2017-11-25 05:25:54,82.44,32.01,25.93
2017-11-25 05:55:57,170.27,27.99,22.546
2017-11-25 06:25:54,103.59,39.67,22.298
2017-11-25 06:55:58,117.61,32.48,21.001
2017-11-25 07:25:53,236.17,36.82,22.713
2017-11-25 07:55:57,189.65,39.81,23.504
2017-11-25 08:25:59,207.83,39.32,20.864
2017-11-25 08:55:56,248.71,41.21,21.707
2017-11-25 09:25:57,321.88,40.21,21.992
2017-11-25 09:55:57,163.62,39.22,21.466
2017-11-25 10:25:57,261.43,38.83,22.841
2017-11-25 10:55:58,100.2,34.16,21.566
2017-11-25 11:26:01,173.07,17.75,21.865
2017-11-25 11:56:00,185.1,38.59,22.739
2017-11-25 12:13:07,274.93,19.21,21.966
2017-11-25 12:43:06,202.19,38.77,22.905
2017-11-25 13:13:08,152.04,30.6,25.245
2017-11-25 13:43:07,323.79,36.29,24.942
2017-11-25 14:13:06,180.74,29.29,26.4
2017-11-25 14:43:05,69.26,38.87,22.074
2017-11-25 15:13:17,153.99,37.64,29.438
2017-11-25 15:43:10,227.2,27.05,25.284
2017-11-25 16:13:10,48.39,40.89,26.29
2017-11-25 16:43:08,225.44,35.43,23.387
2017-11-25 17:13:12,189.93,33.35,23.632
2017-11-25 17:43:15,86.88,37.79,26.343
2017-11-25 18:13:10,198.32,39.68,23.55
2017-11-25 18:43:18,162.66,38.79,23.016
2017-11-25 19:13:15,167.49,30.27,23.315
2017-11-25 19:43:20,191.25,23.82,23.026
2017-11-25 20:13:14,232.47,32.42,23.37
2017-11-25 20:26:41,146.83,23.36,23.654
2017-11-25 20:30:46,186.09,29.8,23.766
2017-11-25 20:33:14,252.44,29.67,24.198
2017-11-25 21:03:11,181.62,30.74,22.407
2017-11-25 21:33:13,336.21,27.42,24.555
2017-11-25 22:03:18,46.04,27.74,29.257
2017-11-25 22:33:17,248.09,35.49,24.802
2017-11-25 23:03:21,135.36,35.64,23.113
2017-11-25 23:33:16,177.97,30.69,24.099

November 26, 2017
2017-11-26 00:03:18,207.89,28.53,24.825
2017-11-26 00:35:19,184.71,27.14,23.096
2017-11-26 00:39:28,200.44,39.0,22.402
2017-11-26 01:09:25,275.78,30.33,23.203
2017-11-26 01:39:26,72.81,38.44,23.863
2017-11-26 02:09:27,164.58,36.48,25.033
2017-11-26 02:39:30,210.67,37.27,22.19
2017-11-26 03:09:29,183.55,39.56,23.038
2017-11-26 03:39:37,138.99,23.45,22.561
2017-11-26 04:09:29,44.62,23.71,23.727
2017-11-26 04:39:31,136.43,40.3,23.122
2017-11-26 05:09:30,131.53,26.89,22.775
2017-11-26 05:39:35,143.37,26.68,24.043
2017-11-26 06:09:32,161.87,38.12,22.83
2017-11-26 06:39:33,94.54,26.51,22.379
2017-11-26 07:09:31,137.38,37.09,22.595
2017-11-26 07:39:34,200.7,30.04,23.601
2017-11-26 08:09:32,81.24,39.22,23.018
2017-11-26 08:39:32,206.46,27.01,23.856
2017-11-26 09:09:34,216.98,27.01,22.682
2017-11-26 09:39:37,158.08,15.46,22.811
2017-11-26 10:09:37,200.65,33.28,24.231
2017-11-26 10:39:34,200.1,40.3,23.78
2017-11-26 11:09:42,109.18,38.3,22.873
2017-11-26 11:39:39,209.64,40.03,22.486
2017-11-26 12:09:37,287.69,16.72,24.206
2017-11-26 12:39:37,221.53,39.98,22.67
2017-11-26 13:09:39,247.79,39.08,24.634
2017-11-26 13:39:45,166.38,40.3,22.485
2017-11-26 14:09:43,155.72,38.38,22.622
2017-11-26 14:20:34,173.83,39.28,25.109
2017-11-26 14:50:33,244.15,30.48,22.245
2017-11-26 15:20:31,235.79,34.63,23.539
2017-11-26 15:50:34,186.15,38.45,22.459
2017-11-26 18:37:06,302.19,25.79,24.802

November 27, 2017
2017-11-27 00:08:55,269.34,22.69,23.851
2017-11-27 00:38:54,179.83,39.44,22.54
2017-11-27 01:09:01,152.48,36.76,22.426
2017-11-27 01:38:57,262.17,38.67,23.288
2017-11-27 02:09:01,237.02,33.59,23.431
2017-11-27 02:39:00,192.9,39.84,24.547
2017-11-27 03:09:01,72.85,21.61,23.586
2017-11-27 03:38:57,293.39,39.62,23.294
2017-11-27 04:08:58,166.97,38.7,22.819
2017-11-27 04:38:59,122.66,39.02,23.586
2017-11-27 05:09:01,212.75,37.93,22.22
2017-11-27 05:39:02,146.33,32.85,23.422
2017-11-27 06:09:06,181.29,37.02,23.091
2017-11-27 06:39:02,320.09,35.22,22.694
2017-11-27 07:09:02,179.05,37.23,22.716
2017-11-27 07:39:06,179.98,39.06,23.37
2017-11-27 08:09:03,149.78,39.98,23.012
2017-11-27 08:39:04,258.61,27.12,22.654
2017-11-27 09:09:06,175.95,37.69,23.437
2017-11-27 09:39:14,146.11,36.11,24.085
2017-11-27 10:09:07,231.8,28.01,24.65
2017-11-27 10:39:09,163.05,40.33,22.493
2017-11-27 11:09:07,287.57,37.18,26.784
2017-11-27 11:39:07,216.61,14.84,23.65
2017-11-27 12:09:13,230.58,31.1,23.581
2017-11-27 12:39:14,61.04,32.73,24.376
2017-11-27 13:09:09,71.17,40.35,23.506
2017-11-27 13:39:13,159.45,37.9,24.4
2017-11-27 14:09:16,110.02,36.42,22.599
2017-11-27 14:39:14,233.1,17.73,23.499
2017-11-27 15:09:21,133.93,18.94,22.765
2017-11-27 15:39:16,71.28,30.54,25.133
2017-11-27 16:09:15,133.04,39.14,23.866
2017-11-27 16:39:15,271.95,36.45,21.485
2017-11-27 17:09:20,161.87,34.37,22.027
2017-11-27 17:39:18,126.44,41.02,24.094
2017-11-27 18:09:21,216.14,32.64,21.493
2017-11-27 22:44:53,76.82,37.47,22.806
2017-11-27 23:14:52,117.0,38.62,22.065
2017-11-27 23:44:57,187.59,38.23,22.844

November 28, 2017
2017-11-28 00:14:49,433.25,34.2,23.148
2017-11-28 00:44:52,65.72,38.9,22.209
2017-11-28 01:14:54,156.17,39.5,22.715
2017-11-28 01:44:53,375.37,30.32,22.534
2017-11-28 02:14:57,100.57,29.07,23.423
2017-11-28 02:44:58,170.12,40.19,21.445
2017-11-28 03:15:04,199.9,39.19,22.649
2017-11-28 03:44:55,358.82,40.67,22.093
2017-11-28 04:14:57,303.28,39.37,21.497
2017-11-28 04:44:55,436.03,38.2,23.105
2017-11-28 05:14:59,146.7,40.03,23.102
2017-11-28 05:45:03,155.5,31.94,24.054
2017-11-28 06:15:01,175.02,22.7,22.538
2017-11-28 06:45:07,180.05,25.01,24.234
2017-11-28 07:15:01,283.99,39.38,22.957
2017-11-28 07:45:05,133.68,37.15,24.568
2017-11-28 08:15:11,167.49,35.19,23.404
2017-11-28 08:45:06,214.39,39.21,22.789
2017-11-28 09:15:06,245.62,35.63,24.185
2017-11-28 09:45:15,118.84,27.03,22.009
2017-11-28 10:15:06,229.71,39.18,23.404
2017-11-28 10:45:11,329.79,39.74,23.483
2017-11-28 11:15:06,168.74,19.89,23.953
2017-11-28 11:45:11,210.11,38.19,23.039
2017-11-28 12:15:08,280.91,30.65,22.411
2017-11-28 12:45:11,198.47,39.17,24.159
2017-11-28 13:15:14,194.87,31.68,25.076
2017-11-28 13:45:10,223.57,36.63,22.23
2017-11-28 14:15:13,114.69,23.57,24.582
2017-11-28 14:45:13,108.85,36.05,22.321
2017-11-28 15:15:15,254.22,38.24,25.159
2017-11-28 15:45:13,209.68,18.78,22.47
2017-11-28 16:15:18,284.68,27.12,25.088
2017-11-28 16:45:18,168.42,24.9,22.36
2017-11-28 20:40:54,225.25,31.05,22.349
2017-11-28 21:10:52,279.65,38.47,24.106
2017-11-28 21:40:56,33.59,39.1,24.552
2017-11-28 22:10:54,226.12,37.65,25.949
2017-11-28 22:40:51,244.61,35.97,22.304
2017-11-28 23:10:54,145.94,38.02,24.408
2017-11-28 23:40:56,218.56,27.24,23.871

November 29, 2017
2017-11-29 00:10:57,246.8,25.71,24.527
2017-11-29 00:40:54,241.03,36.19,22.286
2017-11-29 01:10:56,60.93,39.37,24.593
2017-11-29 01:40:56,98.63,36.52,22.188
2017-11-29 02:10:58,296.64,39.73,21.632
2017-11-29 02:41:01,287.04,29.71,22.491
2017-11-29 03:10:57,301.87,40.98,23.386
2017-11-29 03:41:00,254.86,37.5,22.867
2017-11-29 04:10:58,132.27,39.95,21.828
2017-11-29 04:40:59,120.48,38.7,23.783
2017-11-29 05:11:03,197.62,39.53,22.626
2017-11-29 05:40:58,395.94,40.42,24.081
2017-11-29 06:11:02,208.53,38.13,22.582
2017-11-29 06:41:01,200.89,23.39,24.582
2017-11-29 07:11:04,335.87,28.35,21.806
2017-11-29 07:41:04,242.97,36.3,22.688
2017-11-29 08:11:12,192.19,25.94,22.626
2017-11-29 08:41:04,317.58,39.24,23.073
2017-11-29 09:11:05,224.91,40.31,23.222
2017-11-29 09:41:13,150.79,37.3,23.211
2017-11-29 10:11:07,230.52,40.08,24.612
2017-11-29 10:41:09,78.51,34.01,32.409
2017-11-29 11:11:09,174.53,39.98,22.971
2017-11-29 11:41:10,128.26,39.49,22.718
2017-11-29 12:11:12,185.17,38.69,23.263
2017-11-29 12:41:08,219.65,39.51,22.692
2017-11-29 13:11:08,99.75,38.67,22.598
2017-11-29 13:41:13,152.76,39.57,23.096
2017-11-29 14:11:10,129.1,39.02,22.859
2017-11-29 14:41:13,140.89,24.45,32.921
2017-11-29 15:11:17,221.19,18.27,23.825
2017-11-29 15:41:12,238.86,28.02,22.657
2017-11-29 16:11:12,270.88,37.62,22.875
2017-11-29 16:41:15,196.6,39.58,23.63
2017-11-29 17:11:12,70.57,25.65,22.896
2017-11-29 17:41:15,60.5,23.86,23.447
2017-11-29 18:11:19,94.52,36.21,22.7
2017-11-29 18:41:15,133.51,40.19,23.018
2017-11-29 19:11:16,123.55,28.1,21.988
2017-11-29 19:41:21,37.19,36.9,21.918
2017-11-29 20:11:19,228.94,40.03,24.625
2017-11-29 20:41:26,355.5,40.31,22.442
2017-11-29 21:11:17,184.18,39.87,23.025
2017-11-29 21:41:18,348.62,32.13,22.715
2017-11-29 22:11:20,168.82,39.91,24.479

November 30, 2017
2017-11-30 00:34:54,104.83,35.09,30.841
2017-11-30 01:04:58,163.61,24.6,23.271
2017-11-30 01:34:57,175.89,39.34,21.732
2017-11-30 02:04:56,185.24,24.92,22.235
2017-11-30 02:34:55,291.53,40.2,22.248
2017-11-30 03:05:00,140.54,36.17,21.073
2017-11-30 03:34:56,64.74,38.04,21.987
2017-11-30 04:04:59,256.46,33.19,21.788
2017-11-30 04:34:57,205.73,38.55,21.908
2017-11-30 05:05:01,196.51,34.99,22.55
2017-11-30 05:35:02,199.93,39.46,24.138
2017-11-30 06:04:59,307.83,22.34,23.145
2017-11-30 06:35:01,160.42,29.97,21.123
2017-11-30 07:05:02,268.17,28.48,22.713
2017-11-30 07:35:04,173.4,24.75,24.135
2017-11-30 08:05:05,298.94,35.4,21.927 
2017-11-30 08:35:06,107.45,36.83,22.325
2017-11-30 09:05:06,129.92,27.63,23.72
2017-11-30 09:35:10,142.2,38.91,22.548
2017-11-30 10:05:05,292.19,33.06,22.673
2017-11-30 10:35:09,169.24,33.86,24.569
2017-11-30 11:05:07,184.4,34.86,22.969
2017-11-30 11:35:09,64.01,37.25,23.058
2017-11-30 12:05:07,183.17,39.7,22.384
2017-11-30 12:35:12,345.17,37.87,24.336
2017-11-30 13:05:08,134.7,40.42,23.221
2017-11-30 13:35:13,86.77,39.51,23.387
2017-11-30 14:05:16,152.91,22.8,22.502
2017-11-30 14:35:16,176.01,36.96,24.396
2017-11-30 15:05:18,292.38,33.21,25.185
2017-11-30 15:35:13,244.67,39.8,22.815
2017-11-30 16:05:12,236.3,39.58,23.948
2017-11-30 16:35:14,130.62,37.08,22.741
2017-11-30 17:05:13,125.7,40.02,22.838
2017-11-30 17:35:19,190.2,36.87,23.774
2017-11-30 18:05:16,288.0,39.17,24.43
2017-11-30 18:35:15,199.65,34.8,22.958
2017-11-30 19:05:23,83.3,37.15,25.59
2017-11-30 19:35:23,273.46,39.24,23.227
2017-11-30 20:05:17,300.42,34.12,23.835
2017-11-30 20:35:18,240.38,35.88,21.881
2017-11-30 21:05:23,177.06,40.55,23.072
2017-11-30 21:35:19,152.74,38.91,25.675
2017-11-30 22:05:23,243.43,34.67,23.976
2017-11-30 22:35:28,222.74,15.85,22.908
2017-11-30 23:05:26,205.99,31.14,23.75
2017-11-30 23:35:21,122.43,38.89,23.892

December 01, 2017
2017-12-01 00:05:25,239.73,39.46,24.031
2017-12-01 00:35:28,294.66,35.8,24.831
2017-12-01 01:05:23,149.3,38.88,22.909
2017-12-01 01:35:29,128.2,38.46,22.785
2017-12-01 02:05:24,73.78,22.38,22.875
2017-12-01 02:35:27,198.86,33.66,23.207
2017-12-01 03:05:27,288.9,24.37,21.857
2017-12-01 03:35:26,207.01,35.24,24.666
2017-12-01 04:05:35,246.84,38.69,23.34
2017-12-01 04:35:38,168.94,28.15,22.216
2017-12-01 05:05:30,189.1,38.5,22.716
2017-12-01 05:34:56,371.93,39.07,24.541
2017-12-01 06:05:01,196.58,39.38,23.858
2017-12-01 06:35:05,209.45,28.03,22.639
2017-12-01 07:04:59,312.89,40.5,22.533
2017-12-01 07:35:01,283.36,38.87,23.487
2017-12-01 08:05:10,222.58,38.78,22.351
2017-12-01 08:35:02,269.52,29.08,22.48
2017-12-01 09:05:03,117.71,33.39,23.803
2017-12-01 09:35:02,113.25,39.64,24.703
2017-12-01 10:05:08,152.85,40.34,22.972
2017-12-01 10:35:08,200.05,30.83,24.133
2017-12-01 11:05:05,208.56,22.85,23.527
2017-12-01 11:35:04,295.11,38.98,22.029
2017-12-01 12:05:04,245.74,34.2,23.882
2017-12-01 12:35:10,287.69,34.83,22.373
2017-12-01 13:05:09,295.28,22.46,24.229
2017-12-01 13:35:10,177.08,32.86,22.783
2017-12-01 14:05:07,166.93,20.89,22.274
2017-12-01 14:35:09,122.32,40.84,23.003
2017-12-01 15:05:15,154.65,40.42,23.304
2017-12-01 15:45:14,124.71,29.17,22.707
2017-12-01 16:15:12,159.35,38.51,22.377
2017-12-01 16:45:12,316.19,38.45,22.817
2017-12-01 17:15:19,123.19,15.36,21.836
2017-12-01 17:45:20,224.5,41.07,24.309
2017-12-01 18:15:19,127.05,36.59,21.613
2017-12-01 18:45:16,122.45,28.26,22.682
2017-12-01 19:15:16,278.57,39.41,22.796
2017-12-01 19:45:19,179.2,38.36,23.972
2017-12-01 20:15:18,171.34,16.99,21.149
2017-12-01 20:45:22,145.38,32.8,22.116
2017-12-01 21:15:21,155.69,24.68,21.012
2017-12-01 21:45:27,123.77,29.29,21.493
2017-12-01 22:15:21,112.35,32.61,23.364
2017-12-01 22:45:22,165.75,37.85,22.183
2017-12-01 23:15:22,50.51,39.7,23.134
2017-12-01 23:45:24,210.95,22.11,24.72

December 02, 2017
2017-12-02 00:15:23,219.17,34.48,23.722
2017-12-02 00:45:25,146.74,38.16,22.081
2017-12-02 01:15:29,153.83,36.17,22.42
2017-12-02 01:45:30,134.23,40.73,23.002
2017-12-02 02:15:27,155.24,29.0,25.494
2017-12-02 02:45:25,345.71,39.36,22.685
2017-12-02 03:15:27,123.94,39.42,22.329
2017-12-02 03:45:29,317.82,38.55,23.962
2017-12-02 04:15:32,229.31,36.56,23.026
2017-12-02 04:45:31,198.28,39.25,23.765
2017-12-02 05:15:34,216.58,38.54,22.91
2017-12-02 05:46:03,153.1,31.89,21.469
2017-12-02 06:16:04,267.44,31.04,22.163
2017-12-02 06:46:04,258.2,31.74,23.204
2017-12-02 07:16:02,135.89,37.76,23.351
2017-12-02 07:46:05,261.87,32.8,22.697
2017-12-02 08:16:04,208.72,39.84,21.179
2017-12-02 08:46:03,65.72,34.57,20.911
2017-12-02 09:16:04,308.22,39.35,21.435
2017-12-02 09:46:03,202.17,24.8,22.021
2017-12-02 10:16:11,129.61,31.27,24.077
2017-12-02 10:46:12,288.14,38.18,24.571
2017-12-02 11:16:08,62.7,28.63,20.927
2017-12-02 11:46:09,202.67,37.77,22.257
2017-12-02 12:16:09,221.44,38.26,21.359
2017-12-02 12:46:12,68.49,22.08,26.46
2017-12-02 13:16:09,272.42,19.71,20.83
2017-12-02 13:46:10,107.27,15.68,23.901
2017-12-02 14:16:09,285.63,40.21,20.876
2017-12-02 14:46:10,235.92,41.03,21.564
2017-12-02 15:16:10,89.74,36.52,25.048
2017-12-02 15:46:18,171.23,34.33,22.804
2017-12-02 16:16:18,316.46,39.24,22.544
2017-12-02 16:46:13,292.61,36.36,23.431
2017-12-02 17:16:12,316.26,38.96,23.484
2017-12-02 17:46:14,265.15,32.23,24.464
2017-12-02 18:16:16,241.96,35.35,23.672
2017-12-02 18:46:19,63.98,40.49,23.202
2017-12-02 19:16:15,116.11,32.28,23.986
2017-12-02 19:46:15,306.78,37.02,22.435
2017-12-02 20:16:20,91.55,38.66,20.781
2017-12-02 20:46:19,205.84,40.15,22.924
2017-12-02 21:16:20,152.38,33.76,22.313
2017-12-02 21:46:23,150.27,36.86,21.599
2017-12-02 22:16:20,349.21,38.31,23.726
2017-12-02 22:46:24,148.98,38.46,23.679
2017-12-02 23:16:23,104.07,34.76,22.775
2017-12-02 23:46:23,47.96,36.8,24.725

December 03, 2017
2017-12-03 00:16:25,216.82,38.25,24.535
2017-12-03 00:46:27,323.36,36.06,25.172
2017-12-03 01:16:23,220.75,36.52,23.176
2017-12-03 01:46:30,190.21,13.57,23.966
2017-12-03 02:16:26,73.82,37.5,23.833
2017-12-03 02:46:24,408.22,37.46,25.292
2017-12-03 03:16:28,190.67,29.57,21.133
2017-12-03 03:46:27,307.78,40.01,22.749
2017-12-03 04:16:34,63.48,35.56,26.353
2017-12-03 04:46:33,82.97,24.53,22.654
2017-12-03 05:16:31,180.32,39.22,22.957
2017-12-03 05:46:29,115.65,40.35,22.861
2017-12-03 06:16:32,175.78,26.67,23.588
2017-12-03 06:46:35,177.06,39.13,24.402
2017-12-03 07:16:32,291.13,34.42,23.939
2017-12-03 07:46:31,207.07,37.25,23.147
2017-12-03 08:16:02,191.36,40.17,23.171
2017-12-03 08:46:33,279.62,38.03,22.594
2017-12-03 09:16:36,44.39,39.04,22.312
2017-12-03 09:46:09,167.06,24.52,23.208
2017-12-03 10:16:37,274.12,38.78,24.721
2017-12-03 10:46:07,252.94,40.41,23.056
2017-12-03 11:16:08,180.93,39.78,23.379
2017-12-03 11:46:08,259.53,32.89,22.818
2017-12-03 12:16:07,271.6,39.09,23.554
2017-12-03 12:46:07,253.12,32.78,22.867
2017-12-03 13:16:12,71.07,30.67,22.987
2017-12-03 13:46:10,101.66,34.17,23.196
2017-12-03 14:16:11,166.7,39.72,22.598
2017-12-03 14:46:11,250.41,39.2,22.954
2017-12-03 15:16:14,175.34,39.95,23.121
2017-12-03 15:46:13,226.04,38.31,23.367
2017-12-03 16:16:21,256.32,38.67,24.96
2017-12-03 16:46:49,191.53,17.12,23.616
2017-12-03 17:16:46,197.85,38.71,22.476
2017-12-03 17:46:14,82.42,27.96,24.738
2017-12-03 18:16:44,102.41,30.81,22.334
2017-12-03 18:46:15,237.3,22.65,26.094
2017-12-03 22:01:46,326.54,24.72,24.894
2017-12-03 22:32:20,123.18,38.38,25.329
2017-12-03 23:02:16,379.28,35.15,24.029
2017-12-03 23:32:18,75.2,30.74,20.327

December 04, 2017
2017-12-04 00:02:25,314.33,26.7,22.821
2017-12-04 00:31:50,80.32,36.92,23.389
2017-12-04 01:02:20,333.24,27.98,24.078
2017-12-04 01:32:25,128.21,38.83,23.38
2017-12-04 02:02:21,121.57,12.55,21.714
2017-12-04 02:32:20,361.8,37.8,22.839
2017-12-04 03:01:53,273.23,40.41,23.872
2017-12-04 03:32:30,238.26,20.34,23.652
2017-12-04 04:01:59,56.29,38.87,24.78
2017-12-04 04:31:59,141.99,36.54,22.114
2017-12-04 05:01:58,191.45,39.9,22.74
2017-12-04 05:31:57,166.55,40.35,23.85
2017-12-04 06:01:57,80.05,39.88,23.118
2017-12-04 06:31:58,176.29,39.39,22.573
2017-12-04 07:01:59,223.06,36.56,23.334
2017-12-04 07:31:57,189.62,36.13,24.46
2017-12-04 08:01:58,280.08,35.68,22.009
2017-12-04 08:32:00,229.34,40.25,24.429
2017-12-04 09:02:01,216.09,37.37,23.902
2017-12-04 09:32:01,305.64,30.97,23.629
2017-12-04 10:02:01,80.83,22.35,24.27
2017-12-04 10:32:01,133.02,31.52,21.83
2017-12-04 11:02:01,314.14,19.46,24.386
2017-12-04 11:32:05,253.23,40.68,24.814
2017-12-04 12:02:03,269.71,38.3,23.293
2017-12-04 12:32:09,141.65,27.67,23.433
2017-12-04 13:02:04,185.04,38.64,22.909
2017-12-04 13:32:09,192.45,26.66,22.513
2017-12-04 14:02:06,170.25,39.95,23.364
2017-12-04 14:32:09,114.48,32.6,24.445
2017-12-04 15:02:07,165.98,29.75,23.063
2017-12-04 15:32:09,197.53,40.66,23.249
2017-12-04 16:02:11,243.55,39.67,23.197
2017-12-04 16:32:09,192.13,39.75,24.022
2017-12-04 17:02:14,113.58,37.96,23.448
2017-12-04 17:32:11,236.65,25.97,23.166
2017-12-04 18:02:15,198.43,23.65,21.861
2017-12-04 18:32:18,265.13,38.5,24.706
2017-12-04 19:02:11,176.18,39.22,23.125
2017-12-04 19:32:21,73.98,13.46,22.955
2017-12-04 20:02:12,81.04,31.11,20.925
2017-12-04 20:32:22,151.97,19.73,22.392
2017-12-04 21:02:15,310.54,37.99,24.467
2017-12-04 21:32:16,241.24,37.44,25.178
2017-12-04 22:02:16,218.23,37.44,25.0
2017-12-04 22:32:22,146.27,36.79,23.674
2017-12-04 23:02:27,162.78,28.87,23.557
2017-12-04 23:32:26,169.96,23.47,23.378

December 05, 2017
2017-12-05 00:02:21,233.67,33.93,23.793
2017-12-05 00:32:23,160.49,32.6,23.733
2017-12-05 01:02:24,216.42,37.93,23.869
2017-12-05 01:32:24,160.31,40.99,22.396
2017-12-05 02:02:27,170.05,37.99,22.666
2017-12-05 02:32:29,118.87,34.19,22.49
2017-12-05 03:02:22,195.51,40.43,23.41
2017-12-05 03:32:28,221.02,40.11,22.698
2017-12-05 04:02:23,201.01,39.76,23.94
2017-12-05 04:32:26,265.31,39.8,25.372
2017-12-05 05:02:26,226.35,40.46,23.075
2017-12-05 05:32:55,93.96,40.58,23.157
2017-12-05 06:03:00,259.63,25.89,24.214
2017-12-05 06:32:59,174.13,40.6,24.112
2017-12-05 07:02:59,162.41,28.24,22.826
2017-12-05 07:33:03,190.45,16.01,24.691
2017-12-05 08:03:03,199.69,12.46,23.711
2017-12-05 08:33:00,281.05,39.41,24.345
2017-12-05 09:02:59,320.62,40.48,22.396
2017-12-05 09:33:07,126.89,24.25,23.133
2017-12-05 10:03:03,230.59,39.59,23.281
2017-12-05 10:33:02,190.74,38.96,22.676
2017-12-05 11:03:03,242.78,28.44,24.968
2017-12-05 11:33:04,202.3,23.95,23.865
2017-12-05 12:03:04,174.12,29.96,25.321
2017-12-05 12:33:08,155.75,40.15,22.787
2017-12-05 13:03:11,144.38,29.39,21.632
2017-12-05 13:33:06,199.07,36.07,23.469
2017-12-05 14:03:11,112.45,26.46,21.68
2017-12-05 14:33:08,254.01,31.68,32.0
2017-12-05 15:03:06,274.25,27.46,22.182
2017-12-05 15:33:08,365.99,32.68,23.633
2017-12-05 16:03:12,344.6,31.65,22.915
2017-12-05 16:33:08,312.91,37.04,23.282
2017-12-05 17:03:13,169.59,28.53,24.314
2017-12-05 17:33:12,142.35,39.3,23.522
2017-12-05 18:03:09,323.92,39.55,24.257
2017-12-05 18:33:11,217.1,37.64,22.286
2017-12-05 19:03:16,148.46,20.84,23.644
2017-12-05 19:33:12,194.3,37.63,22.775
2017-12-05 20:03:16,307.04,35.07,22.456
2017-12-05 20:33:15,262.69,27.9,24.606
2017-12-05 21:03:14,287.91,35.33,24.584
2017-12-05 21:33:14,311.84,33.08,25.532
2017-12-05 22:03:19,195.09,37.08,23.537
2017-12-05 22:33:20,63.7,27.76,24.051
2017-12-05 23:03:15,201.61,35.76,22.057
2017-12-05 23:33:18,240.94,36.03,24.575

December 06, 2017
2017-12-06 00:03:21,215.48,20.14,22.524
2017-12-06 00:33:17,282.43,35.89,25.277
2017-12-06 01:03:20,165.9,30.67,23.862
2017-12-06 01:33:22,191.05,38.52,22.682
2017-12-06 02:03:20,262.41,36.58,25.869
2017-12-06 02:33:21,256.02,24.49,23.05
2017-12-06 03:03:23,188.24,39.78,25.111
2017-12-06 03:33:23,281.66,26.09,22.204
2017-12-06 04:03:26,133.49,28.5,22.535
2017-12-06 04:33:25,112.92,38.62,23.447
2017-12-06 05:03:25,81.43,28.06,25.503
2017-12-06 05:33:25,182.64,38.28,23.06
2017-12-06 06:03:25,231.45,26.92,23.181
2017-12-06 06:33:27,403.88,34.42,25.081
2017-12-06 07:03:32,170.07,33.55,23.239
2017-12-06 07:33:31,95.9,27.07,22.579
2017-12-06 08:03:33,122.37,38.86,24.414
2017-12-06 08:33:29,198.53,26.35,22.703
2017-12-06 09:03:37,166.83,40.5,23.642
2017-12-06 09:33:28,85.13,33.37,22.911
2017-12-06 10:03:35,115.35,39.39,23.078
2017-12-06 10:33:30,167.47,36.48,22.953
2017-12-06 11:03:29,229.15,40.31,22.633
2017-12-06 11:33:30,198.28,37.48,22.058
2017-12-06 12:03:33,81.43,41.14,22.94
2017-12-06 12:33:33,248.55,36.88,22.924
2017-12-06 13:03:34,121.13,36.6,22.329
2017-12-06 13:33:32,53.29,39.29,24.206
2017-12-06 14:03:36,214.13,24.57,24.855
2017-12-06 14:33:40,223.27,25.03,23.128
2017-12-06 15:03:34,120.47,38.33,22.267
2017-12-06 15:33:38,217.45,34.65,23.791
2017-12-06 16:03:44,138.12,22.7,22.679
2017-12-06 16:33:35,302.57,36.36,21.64
2017-12-06 17:03:39,174.95,34.52,23.847
2017-12-06 17:33:39,197.99,30.58,24.653
2017-12-06 18:03:38,116.76,26.55,23.052
2017-12-06 18:33:40,223.68,39.11,24.019
2017-12-06 19:03:49,52.47,30.11,25.948
2017-12-06 19:33:42,172.78,21.61,23.268
2017-12-06 20:03:44,87.62,27.91,22.642
2017-12-06 20:33:40,110.03,39.11,24.152
2017-12-06 21:03:41,263.39,39.56,26.794
2017-12-06 21:33:41,107.78,37.93,23.255
2017-12-06 22:03:51,113.56,27.01,22.06
2017-12-06 22:33:45,182.45,36.69,22.625
2017-12-06 23:03:49,271.37,36.85,24.063
2017-12-06 23:33:47,225.73,37.3,23.541

December 07, 2017
2017-12-07 00:03:46,323.7,35.74,22.182
2017-12-07 00:33:50,205.93,23.3,23.77
2017-12-07 01:03:54,155.33,40.23,22.81
2017-12-07 01:33:55,238.31,28.57,23.317
2017-12-07 02:03:48,137.18,39.61,26.145
2017-12-07 02:33:59,179.34,29.61,26.161
2017-12-07 03:03:53,181.52,40.52,24.812
2017-12-07 03:33:55,166.2,35.71,21.982
2017-12-07 04:03:54,151.5,38.9,22.954
2017-12-07 04:33:54,195.6,35.86,22.419
2017-12-07 05:03:54,154.46,32.06,23.173
2017-12-07 05:33:54,188.06,37.09,24.02
2017-12-07 06:03:56,204.28,35.16,23.397
2017-12-07 06:33:54,168.78,39.31,23.319
2017-12-07 07:03:57,148.85,16.18,23.369
2017-12-07 07:33:55,123.18,37.7,23.181
2017-12-07 08:04:02,89.06,38.98,22.739
2017-12-07 08:34:01,215.39,24.15,23.303
2017-12-07 09:03:58,194.87,39.73,23.402
2017-12-07 09:33:57,210.99,39.02,23.457
2017-12-07 10:03:58,113.21,39.87,23.784
2017-12-07 10:33:59,243.84,35.25,24.401
2017-12-07 11:04:01,248.48,38.81,23.649
2017-12-07 11:34:00,281.78,35.97,22.768
2017-12-07 12:04:00,252.76,36.71,22.792
2017-12-07 12:34:02,235.61,39.36,24.647
2017-12-07 13:04:02,86.07,36.61,24.239
2017-12-07 13:34:10,118.75,38.62,22.038
2017-12-07 14:04:04,251.59,33.63,23.464
2017-12-07 14:34:06,298.45,39.44,24.251
2017-12-07 15:04:03,298.19,40.13,21.824
2017-12-07 15:34:04,128.3,28.6,23.915
2017-12-07 16:04:08,111.12,20.19,22.453
2017-12-07 16:34:11,174.92,27.43,23.462
2017-12-07 17:04:06,95.59,38.55,22.905
2017-12-07 17:34:11,176.28,40.24,22.962
2017-12-07 18:04:12,185.55,36.46,23.077
